-- phpMyAdmin SQL Dump
-- version 4.7.5
-- https://www.phpmyadmin.net/
--
-- Host: localhost
-- Generation Time: Dec 06, 2017 at 12:29 PM
-- Server version: 10.1.25-MariaDB
-- PHP Version: 5.6.32

SET SQL_MODE = "NO_AUTO_VALUE_ON_ZERO";
SET AUTOCOMMIT = 0;
START TRANSACTION;
SET time_zone = "+00:00";


/*!40101 SET @OLD_CHARACTER_SET_CLIENT=@@CHARACTER_SET_CLIENT */;
/*!40101 SET @OLD_CHARACTER_SET_RESULTS=@@CHARACTER_SET_RESULTS */;
/*!40101 SET @OLD_COLLATION_CONNECTION=@@COLLATION_CONNECTION */;
/*!40101 SET NAMES utf8mb4 */;

--
-- Database: `gbusnadiego_clickpassgoal`
--

-- --------------------------------------------------------

--
-- Dumping data for table `pais`
--

INSERT INTO `pais` (`id`, `code`, `nombre`) VALUES
(2, 'US', 'United States'),
(3, 'CA', 'Canada'),
(4, 'AL', 'Albania'),
(5, 'DZ', 'Algeria'),
(6, 'DS', 'American Samoa'),
(7, 'AD', 'Andorra'),
(8, 'AO', 'Angola'),
(9, 'AI', 'Anguilla'),
(10, 'AQ', 'Antarctica'),
(11, 'AG', 'Antigua and/or Barbuda'),
(1, 'AR', 'Argentina'),
(13, 'AM', 'Armenia'),
(14, 'AW', 'Aruba'),
(15, 'AU', 'Australia'),
(16, 'AT', 'Austria'),
(17, 'AZ', 'Azerbaijan'),
(18, 'BS', 'Bahamas'),
(19, 'BH', 'Bahrain'),
(20, 'BD', 'Bangladesh'),
(21, 'BB', 'Barbados'),
(22, 'BY', 'Belarus'),
(23, 'BE', 'Belgium'),
(24, 'BZ', 'Belize'),
(25, 'BJ', 'Benin'),
(26, 'BM', 'Bermuda'),
(27, 'BT', 'Bhutan'),
(28, 'BO', 'Bolivia'),
(29, 'BA', 'Bosnia and Herzegovina'),
(30, 'BW', 'Botswana'),
(31, 'BV', 'Bouvet Island'),
(32, 'BR', 'Brazil'),
(33, 'IO', 'British lndian Ocean Territory'),
(34, 'BN', 'Brunei Darussalam'),
(35, 'BG', 'Bulgaria'),
(36, 'BF', 'Burkina Faso'),
(37, 'BI', 'Burundi'),
(38, 'KH', 'Cambodia'),
(39, 'CM', 'Cameroon'),
(40, 'CV', 'Cape Verde'),
(41, 'KY', 'Cayman Islands'),
(42, 'CF', 'Central African Republic'),
(43, 'TD', 'Chad'),
(44, 'CL', 'Chile'),
(45, 'CN', 'China'),
(46, 'CX', 'Christmas Island'),
(47, 'CC', 'Cocos (Keeling) Islands'),
(48, 'CO', 'Colombia'),
(49, 'KM', 'Comoros'),
(50, 'CG', 'Congo'),
(51, 'CK', 'Cook Islands'),
(52, 'CR', 'Costa Rica'),
(53, 'HR', 'Croatia (Hrvatska)'),
(54, 'CU', 'Cuba'),
(55, 'CY', 'Cyprus'),
(56, 'CZ', 'Czech Republic'),
(57, 'DK', 'Denmark'),
(58, 'DJ', 'Djibouti'),
(59, 'DM', 'Dominica'),
(60, 'DO', 'Dominican Republic'),
(61, 'TP', 'East Timor'),
(62, 'EC', 'Ecuador'),
(63, 'EG', 'Egypt'),
(64, 'SV', 'El Salvador'),
(65, 'GQ', 'Equatorial Guinea'),
(66, 'ER', 'Eritrea'),
(67, 'EE', 'Estonia'),
(68, 'ET', 'Ethiopia'),
(69, 'FK', 'Falkland Islands (Malvinas)'),
(70, 'FO', 'Faroe Islands'),
(71, 'FJ', 'Fiji'),
(72, 'FI', 'Finland'),
(73, 'FR', 'France'),
(74, 'FX', 'France, Metropolitan'),
(75, 'GF', 'French Guiana'),
(76, 'PF', 'French Polynesia'),
(77, 'TF', 'French Southern Territories'),
(78, 'GA', 'Gabon'),
(79, 'GM', 'Gambia'),
(80, 'GE', 'Georgia'),
(81, 'DE', 'Germany'),
(82, 'GH', 'Ghana'),
(83, 'GI', 'Gibraltar'),
(84, 'GR', 'Greece'),
(85, 'GL', 'Greenland'),
(86, 'GD', 'Grenada'),
(87, 'GP', 'Guadeloupe'),
(88, 'GU', 'Guam'),
(89, 'GT', 'Guatemala'),
(90, 'GN', 'Guinea'),
(91, 'GW', 'Guinea-Bissau'),
(92, 'GY', 'Guyana'),
(93, 'HT', 'Haiti'),
(94, 'HM', 'Heard and Mc Donald Islands'),
(95, 'HN', 'Honduras'),
(96, 'HK', 'Hong Kong'),
(97, 'HU', 'Hungary'),
(98, 'IS', 'Iceland'),
(99, 'IN', 'India'),
(100, 'ID', 'Indonesia'),
(101, 'IR', 'Iran (Islamic Republic of)'),
(102, 'IQ', 'Iraq'),
(103, 'IE', 'Ireland'),
(104, 'IL', 'Israel'),
(105, 'IT', 'Italy'),
(106, 'CI', 'Ivory Coast'),
(107, 'JM', 'Jamaica'),
(108, 'JP', 'Japan'),
(109, 'JO', 'Jordan'),
(110, 'KZ', 'Kazakhstan'),
(111, 'KE', 'Kenya'),
(112, 'KI', 'Kiribati'),
(113, 'KP', 'Korea, Democratic People\'s Republic of'),
(114, 'KR', 'Korea, Republic of'),
(115, 'XK', 'Kosovo'),
(116, 'KW', 'Kuwait'),
(117, 'KG', 'Kyrgyzstan'),
(118, 'LA', 'Lao People\'s Democratic Republic'),
(119, 'LV', 'Latvia'),
(120, 'LB', 'Lebanon'),
(121, 'LS', 'Lesotho'),
(122, 'LR', 'Liberia'),
(123, 'LY', 'Libyan Arab Jamahiriya'),
(124, 'LI', 'Liechtenstein'),
(125, 'LT', 'Lithuania'),
(126, 'LU', 'Luxembourg'),
(127, 'MO', 'Macau'),
(128, 'MK', 'Macedonia'),
(129, 'MG', 'Madagascar'),
(130, 'MW', 'Malawi'),
(131, 'MY', 'Malaysia'),
(132, 'MV', 'Maldives'),
(133, 'ML', 'Mali'),
(134, 'MT', 'Malta'),
(135, 'MH', 'Marshall Islands'),
(136, 'MQ', 'Martinique'),
(137, 'MR', 'Mauritania'),
(138, 'MU', 'Mauritius'),
(139, 'TY', 'Mayotte'),
(140, 'MX', 'Mexico'),
(141, 'FM', 'Micronesia, Federated States of'),
(142, 'MD', 'Moldova, Republic of'),
(143, 'MC', 'Monaco'),
(144, 'MN', 'Mongolia'),
(145, 'ME', 'Montenegro'),
(146, 'MS', 'Montserrat'),
(147, 'MA', 'Morocco'),
(148, 'MZ', 'Mozambique'),
(149, 'MM', 'Myanmar'),
(150, 'NA', 'Namibia'),
(151, 'NR', 'Nauru'),
(152, 'NP', 'Nepal'),
(153, 'NL', 'Netherlands'),
(154, 'AN', 'Netherlands Antilles'),
(155, 'NC', 'New Caledonia'),
(156, 'NZ', 'New Zealand'),
(157, 'NI', 'Nicaragua'),
(158, 'NE', 'Niger'),
(159, 'NG', 'Nigeria'),
(160, 'NU', 'Niue'),
(161, 'NF', 'Norfork Island'),
(162, 'MP', 'Northern Mariana Islands'),
(163, 'NO', 'Norway'),
(164, 'OM', 'Oman'),
(165, 'PK', 'Pakistan'),
(166, 'PW', 'Palau'),
(167, 'PA', 'Panama'),
(168, 'PG', 'Papua New Guinea'),
(169, 'PY', 'Paraguay'),
(170, 'PE', 'Peru'),
(171, 'PH', 'Philippines'),
(172, 'PN', 'Pitcairn'),
(173, 'PL', 'Poland'),
(174, 'PT', 'Portugal'),
(175, 'PR', 'Puerto Rico'),
(176, 'QA', 'Qatar'),
(177, 'RE', 'Reunion'),
(178, 'RO', 'Romania'),
(179, 'RU', 'Russian Federation'),
(180, 'RW', 'Rwanda'),
(181, 'KN', 'Saint Kitts and Nevis'),
(182, 'LC', 'Saint Lucia'),
(183, 'VC', 'Saint Vincent and the Grenadines'),
(184, 'WS', 'Samoa'),
(185, 'SM', 'San Marino'),
(186, 'ST', 'Sao Tome and Principe'),
(187, 'SA', 'Saudi Arabia'),
(188, 'SN', 'Senegal'),
(189, 'RS', 'Serbia'),
(190, 'SC', 'Seychelles'),
(191, 'SL', 'Sierra Leone'),
(192, 'SG', 'Singapore'),
(193, 'SK', 'Slovakia'),
(194, 'SI', 'Slovenia'),
(195, 'SB', 'Solomon Islands'),
(196, 'SO', 'Somalia'),
(197, 'ZA', 'South Africa'),
(198, 'GS', 'South Georgia South Sandwich Islands'),
(199, 'ES', 'Spain'),
(200, 'LK', 'Sri Lanka'),
(201, 'SH', 'St. Helena'),
(202, 'PM', 'St. Pierre and Miquelon'),
(203, 'SD', 'Sudan'),
(204, 'SR', 'Suriname'),
(205, 'SJ', 'Svalbarn and Jan Mayen Islands'),
(206, 'SZ', 'Swaziland'),
(207, 'SE', 'Sweden'),
(208, 'CH', 'Switzerland'),
(209, 'SY', 'Syrian Arab Republic'),
(210, 'TW', 'Taiwan'),
(211, 'TJ', 'Tajikistan'),
(212, 'TZ', 'Tanzania, United Republic of'),
(213, 'TH', 'Thailand'),
(214, 'TG', 'Togo'),
(215, 'TK', 'Tokelau'),
(216, 'TO', 'Tonga'),
(217, 'TT', 'Trinidad and Tobago'),
(218, 'TN', 'Tunisia'),
(219, 'TR', 'Turkey'),
(220, 'TM', 'Turkmenistan'),
(221, 'TC', 'Turks and Caicos Islands'),
(222, 'TV', 'Tuvalu'),
(223, 'UG', 'Uganda'),
(224, 'UA', 'Ukraine'),
(225, 'AE', 'United Arab Emirates'),
(226, 'GB', 'United Kingdom'),
(227, 'UM', 'United States minor outlying islands'),
(228, 'UY', 'Uruguay'),
(229, 'UZ', 'Uzbekistan'),
(230, 'VU', 'Vanuatu'),
(231, 'VA', 'Vatican City State'),
(232, 'VE', 'Venezuela'),
(233, 'VN', 'Vietnam'),
(234, 'VG', 'Virgin Islands (British)'),
(235, 'VI', 'Virgin Islands (U.S.)'),
(236, 'WF', 'Wallis and Futuna Islands'),
(237, 'EH', 'Western Sahara'),
(238, 'YE', 'Yemen'),
(239, 'YU', 'Yugoslavia'),
(240, 'ZR', 'Zaire'),
(241, 'ZM', 'Zambia'),
(242, 'ZW', 'Zimbabwe');

-- --------------------------------------------------------

--
-- Dumping data for table `jugadors`
--

INSERT INTO `jugadors` (`id`, `nombre`, `password`, `pais_id`, `provincia_id`, `email`, `telefono`, `edad`, `altura`, `peso`, `club_actual`, `historia`, `link_img`, `link_video`, `pasaporte`, `posicion_id`, `created_at`, `updated_at`) VALUES
(28, 'xavier ambrosio', '$2y$10$x.8bG37Fqe.LRK91xFxxdey2g7nYpVdl2/41S6PHBiXwx8K5D1ijS', 1, 24, 'ambrosio.xavier@gmail.com', '2974197335', 20, 179, 79, 'Universidad de Belgrano', 'Luis Avila e Hijos\r\nLa banda', 'xavier-ambrosio.jpg', '', 0, 3, '2015-07-01 23:49:35', '2015-07-01 23:49:35'),
(29, 'Lucas Manuel Zelarayán', '$2y$10$HYU0Ro2.Ypy0wli60ov7n.w3J96v8mFSW4fg/NiskE.nesKiRc9mO', 1, 5, 'lucasmanuel@hotmail.com', '15340302321', 23, 72, 72, 'Belgrano de Córdoba', 'Las Palmas', 'Lucas-Manuel-Zelarayan.JPG', '1Qs_bcjaTbI', 1, 4, '2015-07-02 00:34:06', '2015-07-02 00:34:06'),
(30, 'Juan', '$2y$10$xvleR58hCdsVzMz1.OqjreW9RZC8cuCcEoS7OwXfDhSskSE8X1BxW', 1, 19, 'juanarcioni@gmail.com', '0111542257', 24, 63, 80, 'River', 'River \r\n	\r\n							', '', '', 1, 4, '2015-07-06 00:04:50', '2015-07-06 00:04:50'),
(31, 'Ian ninkovic', '$2y$10$ffqXmmQuBjTWIHsZDGKvYOQm9VQ6zjE7SdulmmyPmc57DV/Yua8Qa', 1, 4, 'iaan_1095@hotmail.com', '2974303006', 20, 70, 67, 'Libre', 'CAI Comodoro Rivadavia, CA Rada Tilly,  CA Lanus(5ta y 6ta), Alcobendas Levitt(3ra div españa)\r\n*seleccion Comodoro Rivadavia, seleccion Chuvut	\r\n							', '', '', 1, 3, '2015-08-11 14:44:18', '2015-08-11 14:44:18'),
(32, 'martin', '$2y$10$ZBrsh0/wSCZwwYT5lMvziumpbwIlMtotUYYhAQDaWX.qF175U/a6i', 1, 4, 'martin@gfgfgf.com', '11223344', 24, 189, 67, 'boca', 'boca', '', '', 1, 4, '2015-08-20 06:36:26', '2015-08-20 06:36:26'),
(33, 'Gabriel Cevallos', '$2y$10$hzr4PkHteEDgLODemQCM9uepdOl58xIZ5Syd0GvrsjSWhiBr15/bW', 62, 0, 'gabo_soccer1927@hotmail.com', '+593999297743', 22, 78, 74, 'Valle del Chota', 'Formativas de LDU Quito; Aucas, Universidas Católica Quito.', 'Gabriel-Cevallos.jpg', '', 1, 1, '2015-09-26 01:48:30', '2015-09-26 01:48:30'),
(34, 'Ale distefano', '$2y$10$BERIXHE90Is13v1xFO.YheJmAaCPdhjGgX2.2TUkkZs.HOBLT/fUC', 1, 1, 'jor_1192@hotmail.com', '1538780061', 23, 86, 77, 'centro español', 'inferiores en mandiyu', 'Ale-distefano.jpg', 'BC-Fw0dLnLo', 1, 1, '2015-09-28 07:29:43', '2015-09-28 07:29:43'),
(35, 'angelo', '$2y$10$EiXUYzUe6W9Ek8vrgV0Pke6gSMTF76.Q5P5vtvpRJAtCBnRxKWkwC', 1, 4, 'juan@hotmail.com', '2323243434', 27, 185, 67, 'river', 'river', 'angelo.jpg', '', 1, 4, '2015-09-30 09:13:33', '2015-09-30 09:13:33'),
(36, 'Walter Guerra', '$2y$10$IFPnCQhfwY0V5MtquckzfuHB8wkO4jbp778tYcMwQg2qnPfO8Il5G', 1, 24, 'waltergasolero@hotmail.com', '1131537675', 25, 73, 69, 'Ninguno', '8va y 7ma en Vélez, 6ta en Lamadrid', '', '', 0, 4, '2015-10-08 18:22:59', '2015-10-08 18:22:59'),
(37, 'Carlos \"Torito\" Messi', '$2y$10$918uREncwVCq3gJREzCYNe7ZR3nnXaWcoxWrTxMvOSpdR4oCkKvrK', 1, 5, 'kuncitotevez@gmail.com', '+351 351 351 351', 32, 85, 65, 'River', 'Comencé en River, a los 14 me llamaron del Málaga, pero me decidí por el Barza. Estuve dos años ahí, luego me llevaron al PSG donde lo saqué campeón 6 años seguidos. Genial ¿verdad? Actualmente estoy jugando en Belgrano, donde creo que algún día, quizás, ', 'Carlos-Torito-Messi.png', 'bVOTjO78BxE', 1, 4, '2015-10-24 00:34:14', '2015-10-24 00:34:14'),
(38, 'Lucas Maximiliano Di Pierro', '$2y$10$Y8qQwva6B9x1hQZhl0SbOuRIe0pTi5TVrF/.vuoT8E6Ilisc7PKC.', 1, 8, 'anfetapapa@anfeta.com', '11358877669', 16, 88, 82, 'Barcelona', 'Chacarita Juniors, Real Madrid, Manchester City, ', 'Lucas-Maximiliano-Di-Pierro.JPG', '', 1, 4, '2016-02-20 01:56:01', '2016-02-20 01:56:01'),
(39, 'Lucas Saldano', '$2y$10$iDvKQ0u/oFQ9I.AUyIeLVewoU8tMDXUvS5tuBewR8ef.sQZA9nBaK', 44, 0, 'y@ma.com', 'g', 23, 171, 90, 'jugadors libres', 'huracan (cr), comision de actividades infatiles (CAI), fenix', 'Lucas-Saldano.jpg', '', 1, 2, '2016-04-28 00:21:32', '2016-04-28 00:21:32'),
(40, 'Matías Gutman ', '$2y$10$11ldAhL2Zv4N/u8rvtCLl.60gJa1agp.Vgprc.prko11vWCZdL.ye', 1, 24, 'matigutman@gmail.com', '', 18, 176, 73, 'River plate', 'Boca y river ', 'Matias-Gutman.jpeg', '', 1, 4, '2016-05-03 15:10:32', '2016-05-03 15:10:32'),
(41, 'maxi', '$2y$10$KGScAD1zixu4vwZIUst1o.2czB7nO5cMPV/xL13G40WcebL.x6G9W', 1, 21, 'maxi.sta@gmail.com', '0115446633', 19, 183, 81, 'atletico tucuman', 'inferiores lanus', '', '', 1, 2, '2016-05-06 22:17:49', '2016-05-06 22:17:49'),
(42, 'Martin bussi', '$2y$10$p8nttMsMuuanKEuXUq3jxudZxUkFKGogUzLo3y9UFICx9IwBKPS6C', 1, 24, 'info@mendocinogrowshop.com', '0114345665', 21, 188, 77, 'river', 'river', '', '', 1, 4, '2016-05-06 22:21:24', '2016-05-06 22:21:24'),
(43, 'Santiago Villafañe', '$2y$10$pOyz.Xk8AhpCZQ27FuiEFugsE/IqJ.bQywYj.MZxS1i6.PGOUMljK', 1, 4, 'santi.villafane10@gmail.com', '+542974299108', 20, 72, 68, 'Libre', '•	En el año 2005 a la edad de los 9 años fichado por la Comisión de Actividades Infantiles (CAI) ,que en ese entonces limitaba en la B Nacional (Liga de Ascenso), desde su escuelita de futbol para jugar en sus divisiones inferiores. \r\n•	Forme parte de la ', 'Santiago-Villafane.JPG', '', 1, 2, '2016-06-04 05:21:28', '2016-06-04 05:21:28'),
(45, 'marto bussi (miami)', '$2y$10$ARJCKz3QOj/ZhZ8ZY/SS/Ox/tvAuRA2mNZQAj2Vx.7/PJSE77zJie', 2, 0, 'marto@gmail.com', '541147976765', 45, 179, 81, 'pasaporte suizo y argentino (river)', '(manchester united, Real Madrid, Bayer munich, chacarita)', 'marto-bussi-(miami).jpg', 'iyJcxzwcQqc', 1, 3, '2016-06-06 23:58:54', '2016-06-06 23:58:54'),
(46, 'sadasda', '$2y$10$0TO.yU8Nb4rGf86iYqD7j.OSu3OSqHmYLvbvRNaXPkvgKIdXe6dz.', 1, 4, 'gonzalobusnadiego@gmail.com', '12312321', 14, 75, 123, 'Boca', 'dsadasdasddsad dasdsdasdaddsssa	\r\n							', '', '', 0, 3, '2016-06-24 01:10:29', '2016-06-24 01:10:29'),
(47, 'Ttt', '$2y$10$vfd45dUPcrBMQRr5V4Y3HuDug8vs/86RJ9mawTy9OEfouiE4S0VJy', 1, 1, 'aa@a.com', '444445', 23, 175, 60, 'Lala', 'Shwjshs\r\n\r\n', '', '', 0, 3, '2016-07-02 07:33:20', '2016-07-02 07:33:20'),
(48, 'Otro', '$2y$10$jFdrMFPtJ3uQ1g9US8dNW.5RKSuiE3AiEU0sPniohF0Ck12b9kp4q', 1, 1, 'aaaaa@a.com', '444445', 23, 75, 60, 'Lala', 'Shwjshs\r\n\r\n	\r\n							', '', '', 0, 3, '2016-07-02 07:33:44', '2016-07-02 07:33:44'),
(49, 'Gonzalo Marquez', '$2y$10$jqkPOQmJNLTRiYjtV0KWh.kWQEhjpvLL29q0FxccgYmKUuIkzNScO', 1, 5, 'marquezgonzalo@gmail.com', '3472432067', 33, 89, 105, '', '', '', '', 1, 3, '2016-07-07 01:22:01', '2016-07-07 01:22:01'),
(50, 'valentin', '$2y$10$RGkWWwonxr2LJGxQgB7Kz.ohS2M08kN8V.3MASesG36w5Z/HFVccu', 1, 1, 'jajaj@hotmail.com', '1112123232', 21, 174, 76, 'river', 'siempre river', '', '', 1, 2, '2017-04-14 23:57:33', '2017-04-14 23:57:33'),
(51, 'Gonzalo', '$2y$10$N/AjfAdXgr09cVNq2I0C2uLMAVhFGErsZYljbZVxt3CAQNXCKl8rC', 1, 24, 'asdsa@aa.com', '12312321', 17, 77, 77, 'Addasd', '	\r\n							', '', '', 1, 4, '2017-10-23 22:59:45', '2017-10-23 22:59:45'),
(52, 'Lionel Andres Messi', '$2y$10$IYJxs2yg3PkQ9xQE5NGxde2cm7TEllaM4Yi6oNzl9Qnbv2sMmBv76', 1, 20, 'liomessi@gmail.com', '10101010', 42, 160, 85, 'Agropecuario', 'Soy malisimo, jugaba en chaco forever ', 'Lionel-Andres-Messi.jpg', 'd5t19p49PCs', 0, 4, '2017-10-25 22:21:24', '2017-10-25 22:21:24');

-- --------------------------------------------------------

--
-- Dumping data for table `posicions`
--

INSERT INTO `posicions` (`id`, `posicion`) VALUES
(1, 'arquero'),
(2, 'defensor'),
(3, 'mediocampista'),
(4, 'delantero');

-- --------------------------------------------------------

--
-- Dumping data for table `provincias`
--

INSERT INTO `provincias` (`id`, `nombre`) VALUES
(1, 'Buenos Aires'),
(2, 'Catamarca'),
(3, 'Chaco'),
(4, 'Chubut'),
(5, 'Cordoba'),
(6, 'Corrientes'),
(7, 'Entre Rios'),
(8, 'Formosa'),
(9, 'Jujuy'),
(10, 'La Pampa'),
(11, 'La Rioja'),
(12, 'Mendoza'),
(13, 'Misiones'),
(14, 'Neuquen'),
(15, 'Rio Negro'),
(16, 'Salta'),
(17, 'San Juan'),
(18, 'San Luis'),
(19, 'Santa Cruz'),
(20, 'Santa Fe'),
(21, 'Santiago del Estero'),
(22, 'Tierra del Fuego'),
(23, 'Tucuman'),
(24, 'Capital Federal');
